Alan Turing's Notes Found After Being Used As Insulation At Bletchley Park,http://rss.slashdot.org/~r/Slashdot/slashdot/~3/44SjwT1BN7k/story01.htm,"An anonymous reader writes: In 2013, a restoration project for Hut 6 of Bletchley Park uncovered a collection of papers being used as roof insulation. The papers were frozen to preserve them while they were inspected and repaired. Now they're on display at an exhibition showing items found during the restoration process. ""The documents also included the only known examples of Banbury sheets, a technique devised by [Turing] to accelerate the process of decrypting Nazi messages. No other examples have ever been found. All the findings are unique as all documentary evidence from the codebreaking process was supposed to be destroyed under wartime security rules.""<p><div class=""share_submission"" style=""position:relative;""> <a class=""slashpop"" href=""http://twitter.com/home?status=Alan+Turing's+Notes+Found+After+Being+Used+As+Insulation+At+Bletchley+Park%3A+http%3A%2F%2Fbit.ly%2F1Kaem7d""><img src=""http://a.fsdn.com/sd/twitter_icon_large.png""></a> <a class=""slashpop"" href=""http://www.facebook.com/sharer.php?u=http%3A%2F%2Fnews.slashdot.org%2Fstory%2F15%2F02%2F04%2F0036226%2Falan-turings-notes-found-after-being-used-as-insulation-at-bletchley-park%3Futm_source%3Dslashdot%26utm_medium%3Dfacebook""><img src=""http://a.fsdn.com/sd/facebook_icon_large.png""></a> <a class=""nobg"" href=""http://plus.google.com/share?url=http://news.slashdot.org/story/15/02/04/0036226/alan-turings-notes-found-after-being-used-as-insulation-at-bletchley-park?utm_source=slashdot&amp;utm_medium=googleplus"" onclick=""javascript:window.open(this.href,'', 'menubar=no,toolbar=no,resizable=yes,scrollbars=yes,height=600,width=600');return false;""><img src=""http://www.gstatic.com/images/icons/gplus-16.png"" alt=""Share on Google+""/></a> </div></p><p><a href=""http://news.slashdot.org/story/15/02/04/0036226/alan-turings-notes-found-after-being-used-as-insulation-at-bletchley-park?utm_source=rss1.0moreanon&amp;utm_medium=feed"">Read more of this story</a> at Slashdot.</p><iframe src=""http://slashdot.org/slashdot-it.pl?op=discuss&amp;id=6897333&amp;smallembed=1"" style=""height: 300px; width: 100%; border: none;""></iframe><img width='1' height='1' src='http://slashdot.feedsportal.com/c/35028/f/647410/s/4304beda/sc/4/mf.gif' border='0'/><br clear='all'/><br/><br/><a href=""http://da.feedsportal.com/r/218611343688/u/49/f/647410/c/35028/s/4304beda/sc/4/rc/1/rc.htm"" rel=""nofollow""><img src=""http://da.feedsportal.com/r/218611343688/u/49/f/647410/c/35028/s/4304beda/sc/4/rc/1/rc.img"" border=""0""/></a><br/><a href=""http://da.feedsportal.com/r/218611343688/u/49/f/647410/c/35028/s/4304beda/sc/4/rc/2/rc.htm"" rel=""nofollow""><img src=""http://da.feedsportal.com/r/218611343688/u/49/f/647410/c/35028/s/4304beda/sc/4/rc/2/rc.img"" border=""0""/></a><br/><a href=""http://da.feedsportal.com/r/218611343688/u/49/f/647410/c/35028/s/4304beda/sc/4/rc/3/rc.htm"" rel=""nofollow""><img src=""http://da.feedsportal.com/r/218611343688/u/49/f/647410/c/35028/s/4304beda/sc/4/rc/3/rc.img"" border=""0""/></a><br/><br/><a href=""http://da.feedsportal.com/r/218611343688/u/49/f/647410/c/35028/s/4304beda/sc/4/a2.htm""><img src=""http://da.feedsportal.com/r/218611343688/u/49/f/647410/c/35028/s/4304beda/sc/4/a2.img"" border=""0""/></a><img width=""1"" height=""1"" src=""http://pi.feedsportal.com/r/218611343688/u/49/f/647410/c/35028/s/4304beda/sc/4/a2t.img"" border=""0""/><img src=""//feeds.feedburner.com/~r/Slashdot/slashdot/~4/44SjwT1BN7k"" height=""1"" width=""1"" alt=""""/>"
Alibaba Tests Drone Delivery Service In China,http://rss.slashdot.org/~r/Slashdot/slashdot/~3/ZulvV0lWI8w/story01.htm,"An anonymous reader writes: Following the lead of online retail giant Amazon, Chinese e-commerce group Alibaba has today tested its first drone delivery service. Asia's largest e-retailer promises to deliver ginger tea within an hour to customers across its flagship consumer-to-consumer marketplace Taobao, which holds an estimated 90 per cent market share in the country. The remote-controlled black and silver drones are helicopter-like in design and carry a white box containing the product. For now the service is limited to a three-day test in three of China's largest mega-cities, Beijing, Shanghai, and Guangzhou, and confined to just one tea brand from one merchant. The trial will be applied up to a limit of 450 tea deliveries.<p><div class=""share_submission"" style=""position:relative;""> <a class=""slashpop"" href=""http://twitter.com/home?status=Alibaba+Tests+Drone+Delivery+Service+In+China%3A+http%3A%2F%2Fbit.ly%2F1uXhY3v""><img src=""http://a.fsdn.com/sd/twitter_icon_large.png""></a> <a class=""slashpop"" href=""http://www.facebook.com/sharer.php?u=http%3A%2F%2Ftech.slashdot.org%2Fstory%2F15%2F02%2F04%2F1349245%2Falibaba-tests-drone-delivery-service-in-china%3Futm_source%3Dslashdot%26utm_medium%3Dfacebook""><img src=""http://a.fsdn.com/sd/facebook_icon_large.png""></a> <a class=""nobg"" href=""http://plus.google.com/share?url=http://tech.slashdot.org/story/15/02/04/1349245/alibaba-tests-drone-delivery-service-in-china?utm_source=slashdot&amp;utm_medium=googleplus"" onclick=""javascript:window.open(this.href,'', 'menubar=no,toolbar=no,resizable=yes,scrollbars=yes,height=600,width=600');return false;""><img src=""http://www.gstatic.com/images/icons/gplus-16.png"" alt=""Share on Google+""/></a> </div></p><p><a href=""http://tech.slashdot.org/story/15/02/04/1349245/alibaba-tests-drone-delivery-service-in-china?utm_source=rss1.0moreanon&amp;utm_medium=feed"">Read more of this story</a> at Slashdot.</p><iframe src=""http://slashdot.org/slashdot-it.pl?op=discuss&amp;id=6902673&amp;smallembed=1"" style=""height: 300px; width: 100%; border: none;""></iframe><img width='1' height='1' src='http://slashdot.feedsportal.com/c/35028/f/647410/s/430958ac/sc/1/mf.gif' border='0'/><br clear='all'/><br/><br/><a href=""http://da.feedsportal.com/r/218611419127/u/49/f/647410/c/35028/s/430958ac/sc/1/rc/1/rc.htm"" rel=""nofollow""><img src=""http://da.feedsportal.com/r/218611419127/u/49/f/647410/c/35028/s/430958ac/sc/1/rc/1/rc.img"" border=""0""/></a><br/><a href=""http://da.feedsportal.com/r/218611419127/u/49/f/647410/c/35028/s/430958ac/sc/1/rc/2/rc.htm"" rel=""nofollow""><img src=""http://da.feedsportal.com/r/218611419127/u/49/f/647410/c/35028/s/430958ac/sc/1/rc/2/rc.img"" border=""0""/></a><br/><a href=""http://da.feedsportal.com/r/218611419127/u/49/f/647410/c/35028/s/430958ac/sc/1/rc/3/rc.htm"" rel=""nofollow""><img src=""http://da.feedsportal.com/r/218611419127/u/49/f/647410/c/35028/s/430958ac/sc/1/rc/3/rc.img"" border=""0""/></a><br/><br/><a href=""http://da.feedsportal.com/r/218611419127/u/49/f/647410/c/35028/s/430958ac/sc/1/a2.htm""><img src=""http://da.feedsportal.com/r/218611419127/u/49/f/647410/c/35028/s/430958ac/sc/1/a2.img"" border=""0""/></a><img width=""1"" height=""1"" src=""http://pi.feedsportal.com/r/218611419127/u/49/f/647410/c/35028/s/430958ac/sc/1/a2t.img"" border=""0""/><img src=""//feeds.feedburner.com/~r/Slashdot/slashdot/~4/ZulvV0lWI8w"" height=""1"" width=""1"" alt=""""/>"
Ask Slashdot: Gaining Control of My Mobile Browser?,http://rss.slashdot.org/~r/Slashdot/slashdot/~3/Z5vOs8b2NtY/story01.htm,"An anonymous reader writes: I run Firefox with NoScript and FlashBlock at home. Browsing is easy, and I only have to enable scripts on a few sites. If they have 20+ scripts, I just surf somewhere else. Fast forward to the mobile experience. I had an Android device, but now I have an iPhone. In addition to the popup problem, and the fake ""X"" on ads, the iPhone browsers (Safari, Chrome, Opera) will start to show a site, then they will lock up for 10-30 seconds before finally becoming responsive. If I switch back to another app and then return to the browser, Safari and Chrome have a little delay, but Opera delays 20+ seconds before becoming responsive again. Firefox is not available on the iPhone, so I can't simply run NoScript. Chrome does not appear to have a NoScript equivalent for mobile. What solutions are you using to make mobile browsing work?<p><div class=""share_submission"" style=""position:relative;""> <a class=""slashpop"" href=""http://twitter.com/home?status=Ask+Slashdot%3A+Gaining+Control+of+My+Mobile+Browser%3F%3A+http%3A%2F%2Fbit.ly%2F1KcRoMA""><img src=""http://a.fsdn.com/sd/twitter_icon_large.png""></a> <a class=""slashpop"" href=""http://www.facebook.com/sharer.php?u=http%3A%2F%2Fask.slashdot.org%2Fstory%2F15%2F02%2F04%2F1626232%2Fask-slashdot-gaining-control-of-my-mobile-browser%3Futm_source%3Dslashdot%26utm_medium%3Dfacebook""><img src=""http://a.fsdn.com/sd/facebook_icon_large.png""></a> <a class=""nobg"" href=""http://plus.google.com/share?url=http://ask.slashdot.org/story/15/02/04/1626232/ask-slashdot-gaining-control-of-my-mobile-browser?utm_source=slashdot&amp;utm_medium=googleplus"" onclick=""javascript:window.open(this.href,'', 'menubar=no,toolbar=no,resizable=yes,scrollbars=yes,height=600,width=600');return false;""><img src=""http://www.gstatic.com/images/icons/gplus-16.png"" alt=""Share on Google+""/></a> </div></p><p><a href=""http://ask.slashdot.org/story/15/02/04/1626232/ask-slashdot-gaining-control-of-my-mobile-browser?utm_source=rss1.0moreanon&amp;utm_medium=feed"">Read more of this story</a> at Slashdot.</p><iframe src=""http://slashdot.org/slashdot-it.pl?op=discuss&amp;id=6903235&amp;smallembed=1"" style=""height: 300px; width: 100%; border: none;""></iframe><img width='1' height='1' src='http://slashdot.feedsportal.com/c/35028/f/647410/s/430b8c3a/sc/4/mf.gif' border='0'/><br clear='all'/><br/><br/><a href=""http://da.feedsportal.com/r/218611444474/u/49/f/647410/c/35028/s/430b8c3a/sc/4/rc/1/rc.htm"" rel=""nofollow""><img src=""http://da.feedsportal.com/r/218611444474/u/49/f/647410/c/35028/s/430b8c3a/sc/4/rc/1/rc.img"" border=""0""/></a><br/><a href=""http://da.feedsportal.com/r/218611444474/u/49/f/647410/c/35028/s/430b8c3a/sc/4/rc/2/rc.htm"" rel=""nofollow""><img src=""http://da.feedsportal.com/r/218611444474/u/49/f/647410/c/35028/s/430b8c3a/sc/4/rc/2/rc.img"" border=""0""/></a><br/><a href=""http://da.feedsportal.com/r/218611444474/u/49/f/647410/c/35028/s/430b8c3a/sc/4/rc/3/rc.htm"" rel=""nofollow""><img src=""http://da.feedsportal.com/r/218611444474/u/49/f/647410/c/35028/s/430b8c3a/sc/4/rc/3/rc.img"" border=""0""/></a><br/><br/><a href=""http://da.feedsportal.com/r/218611444474/u/49/f/647410/c/35028/s/430b8c3a/sc/4/a2.htm""><img src=""http://da.feedsportal.com/r/218611444474/u/49/f/647410/c/35028/s/430b8c3a/sc/4/a2.img"" border=""0""/></a><img width=""1"" height=""1"" src=""http://pi.feedsportal.com/r/218611444474/u/49/f/647410/c/35028/s/430b8c3a/sc/4/a2t.img"" border=""0""/><img src=""//feeds.feedburner.com/~r/Slashdot/slashdot/~4/Z5vOs8b2NtY"" height=""1"" width=""1"" alt=""""/>"
Ask Slashdot: Pros and Cons of Homeschooling?,http://rss.slashdot.org/~r/Slashdot/slashdot/~3/RHE6U2n-Wyg/story01.htm,"VorpalRodent writes: I went to a private school for about 6 years, then completed my education at the local public school, going on to get a couple undergraduate degrees and a postgraduate degree. My wife dropped out of high school and got her equivalency many years later. Now, she wants to homeschool our son. There is a significant body of literature which indicates that homeschoolers outperform their traditionally schooled counterparts academically, regardless of the level of education of the parent, and she certainly cares more now that she's older. I don't like anecdotes, but I certainly haven't seen the research borne out in any of the people that I know who were homeschooled. More importantly, it seems like the only reason my wife wants to homeschool is because she doesn't want to let go. Our son would be going into Kindergarten this coming year. I'm interested in some rational discussion on this, since it seems like the only viewpoints I've ever seen on the matter are ""Better academics"" vs. ""Social interaction,"" both of which are gross oversimplifications. It doesn't help that I can't find any statistical information on post-schooling outcomes.<p><div class=""share_submission"" style=""position:relative;""> <a class=""slashpop"" href=""http://twitter.com/home?status=Ask+Slashdot%3A+Pros+and+Cons+of+Homeschooling%3F%3A+http%3A%2F%2Fbit.ly%2F1DDNXux""><img src=""http://a.fsdn.com/sd/twitter_icon_large.png""></a> <a class=""slashpop"" href=""http://www.facebook.com/sharer.php?u=http%3A%2F%2Fask.slashdot.org%2Fstory%2F15%2F02%2F04%2F0038226%2Fask-slashdot-pros-and-cons-of-homeschooling%3Futm_source%3Dslashdot%26utm_medium%3Dfacebook""><img src=""http://a.fsdn.com/sd/facebook_icon_large.png""></a> <a class=""nobg"" href=""http://plus.google.com/share?url=http://ask.slashdot.org/story/15/02/04/0038226/ask-slashdot-pros-and-cons-of-homeschooling?utm_source=slashdot&amp;utm_medium=googleplus"" onclick=""javascript:window.open(this.href,'', 'menubar=no,toolbar=no,resizable=yes,scrollbars=yes,height=600,width=600');return false;""><img src=""http://www.gstatic.com/images/icons/gplus-16.png"" alt=""Share on Google+""/></a> </div></p><p><a href=""http://ask.slashdot.org/story/15/02/04/0038226/ask-slashdot-pros-and-cons-of-homeschooling?utm_source=rss1.0moreanon&amp;utm_medium=feed"">Read more of this story</a> at Slashdot.</p><iframe src=""http://slashdot.org/slashdot-it.pl?op=discuss&amp;id=6897335&amp;smallembed=1"" style=""height: 300px; width: 100%; border: none;""></iframe><img width='1' height='1' src='http://slashdot.feedsportal.com/c/35028/f/647410/s/4304128b/sc/7/mf.gif' border='0'/><br clear='all'/><br/><br/><a href=""http://da.feedsportal.com/r/218611418855/u/49/f/647410/c/35028/s/4304128b/sc/7/rc/1/rc.htm"" rel=""nofollow""><img src=""http://da.feedsportal.com/r/218611418855/u/49/f/647410/c/35028/s/4304128b/sc/7/rc/1/rc.img"" border=""0""/></a><br/><a href=""http://da.feedsportal.com/r/218611418855/u/49/f/647410/c/35028/s/4304128b/sc/7/rc/2/rc.htm"" rel=""nofollow""><img src=""http://da.feedsportal.com/r/218611418855/u/49/f/647410/c/35028/s/4304128b/sc/7/rc/2/rc.img"" border=""0""/></a><br/><a href=""http://da.feedsportal.com/r/218611418855/u/49/f/647410/c/35028/s/4304128b/sc/7/rc/3/rc.htm"" rel=""nofollow""><img src=""http://da.feedsportal.com/r/218611418855/u/49/f/647410/c/35028/s/4304128b/sc/7/rc/3/rc.img"" border=""0""/></a><br/><br/><a href=""http://da.feedsportal.com/r/218611418855/u/49/f/647410/c/35028/s/4304128b/sc/7/a2.htm""><img src=""http://da.feedsportal.com/r/218611418855/u/49/f/647410/c/35028/s/4304128b/sc/7/a2.img"" border=""0""/></a><img width=""1"" height=""1"" src=""http://pi.feedsportal.com/r/218611418855/u/49/f/647410/c/35028/s/4304128b/sc/7/a2t.img"" border=""0""/><img src=""//feeds.feedburner.com/~r/Slashdot/slashdot/~4/RHE6U2n-Wyg"" height=""1"" width=""1"" alt=""""/>"
Blood Type Matters for Brain Health (Scientific American),http://news.feedzilla.com/en_us/stories/science/420353752?client_source=api&format=json,"People with AB blood type are at higher risk for age-related cognitive decline


-- Read more on ScientificAmerican.com

"
Britain Set to Approve Technique to Create Babies From 3 People (NY Times),http://news.feedzilla.com/en_us/stories/science/420244909?client_source=api&format=json,"The House of Commons voted to allow the in vitro creation of embryos using the
DNA of three people, a procedure that could prevent the inheritance of genetic
diseases.







"
Britain votes to allow world's first 'three-parent' IVF babies (reuters),http://news.feedzilla.com/en_us/stories/science/420241783?client_source=api&format=json,"LONDON (Reuters) - Britain voted on Tuesday to become the first country to
allow a ""three-parent"" IVF technique which doctors say will prevent some
inherited incurable diseases but which critics see as a step towards creating
designer babies.







"
British MPs Approve 3-Parent Babies,http://rss.slashdot.org/~r/Slashdot/slashdot/~3/C4_LUcJ3RYw/story01.htm,"An anonymous reader writes: A vote of 382-128 in the UK's House of Commons gave approval for a procedure that allows the creation of babies using DNA from three parents. If the measure passes the House of Lords and gets licensed by the fertility regulator, the UK would be the first country to allow such genetic engineering. The medical procedure was designed to help conception when genetic diseases could be passed through mitochondrial DNA. A child inherits mitochondria only from its mother, and these mitochondria have their own DNA, which doesn't affect things like the child's appearance. The purpose of the procedure is to replace the mother's mitochondria, and that can happen in two different ways. In one method, doctors take eggs from the mother and from a donor, removing the nucleus of both. The mother's nucleus is then implanted in the donor's egg, which can then be fertilized by the father's sperm. The other method is similar, but both eggs are fertilized before the nucleus swap takes place. There has been lively debate about this issue, with critics raising ethical concerns and questioning the procedure's success rate. They also bring up the slippery slope argument that this will lead to further genetic modification of children. Proponents point out that less than 0.1% of the child's DNA will come from the donor, and it won't affect anything other than the child's health.<p><div class=""share_submission"" style=""position:relative;""> <a class=""slashpop"" href=""http://twitter.com/home?status=British+MPs+Approve+3-Parent+Babies%3A+http%3A%2F%2Fbit.ly%2F1xfrfDP""><img src=""http://a.fsdn.com/sd/twitter_icon_large.png""></a> <a class=""slashpop"" href=""http://www.facebook.com/sharer.php?u=http%3A%2F%2Fscience.slashdot.org%2Fstory%2F15%2F02%2F04%2F0418208%2Fbritish-mps-approve-3-parent-babies%3Futm_source%3Dslashdot%26utm_medium%3Dfacebook""><img src=""http://a.fsdn.com/sd/facebook_icon_large.png""></a> <a class=""nobg"" href=""http://plus.google.com/share?url=http://science.slashdot.org/story/15/02/04/0418208/british-mps-approve-3-parent-babies?utm_source=slashdot&amp;utm_medium=googleplus"" onclick=""javascript:window.open(this.href,'', 'menubar=no,toolbar=no,resizable=yes,scrollbars=yes,height=600,width=600');return false;""><img src=""http://www.gstatic.com/images/icons/gplus-16.png"" alt=""Share on Google+""/></a> </div></p><p><a href=""http://science.slashdot.org/story/15/02/04/0418208/british-mps-approve-3-parent-babies?utm_source=rss1.0moreanon&amp;utm_medium=feed"">Read more of this story</a> at Slashdot.</p><iframe src=""http://slashdot.org/slashdot-it.pl?op=discuss&amp;id=6898563&amp;smallembed=1"" style=""height: 300px; width: 100%; border: none;""></iframe><img width='1' height='1' src='http://slashdot.feedsportal.com/c/35028/f/647410/s/4309028e/sc/7/mf.gif' border='0'/><br clear='all'/><br/><br/><a href=""http://da.feedsportal.com/r/219132677928/u/49/f/647410/c/35028/s/4309028e/sc/7/rc/1/rc.htm"" rel=""nofollow""><img src=""http://da.feedsportal.com/r/219132677928/u/49/f/647410/c/35028/s/4309028e/sc/7/rc/1/rc.img"" border=""0""/></a><br/><a href=""http://da.feedsportal.com/r/219132677928/u/49/f/647410/c/35028/s/4309028e/sc/7/rc/2/rc.htm"" rel=""nofollow""><img src=""http://da.feedsportal.com/r/219132677928/u/49/f/647410/c/35028/s/4309028e/sc/7/rc/2/rc.img"" border=""0""/></a><br/><a href=""http://da.feedsportal.com/r/219132677928/u/49/f/647410/c/35028/s/4309028e/sc/7/rc/3/rc.htm"" rel=""nofollow""><img src=""http://da.feedsportal.com/r/219132677928/u/49/f/647410/c/35028/s/4309028e/sc/7/rc/3/rc.img"" border=""0""/></a><br/><br/><a href=""http://da.feedsportal.com/r/219132677928/u/49/f/647410/c/35028/s/4309028e/sc/7/a2.htm""><img src=""http://da.feedsportal.com/r/219132677928/u/49/f/647410/c/35028/s/4309028e/sc/7/a2.img"" border=""0""/></a><img width=""1"" height=""1"" src=""http://pi.feedsportal.com/r/219132677928/u/49/f/647410/c/35028/s/4309028e/sc/7/a2t.img"" border=""0""/><img src=""//feeds.feedburner.com/~r/Slashdot/slashdot/~4/C4_LUcJ3RYw"" height=""1"" width=""1"" alt=""""/>"
Confirmed: FCC Will Try To Regulate Internet Under Title II,http://rss.slashdot.org/~r/Slashdot/slashdot/~3/e-47jBsB6iE/story01.htm,"An anonymous reader writes: FCC Chairman Tom Wheeler has published an op-ed explaining how and why the FCC will ""use its Title II authority to implement and enforce open internet protections."" He says, ""These enforceable, bright-line rules will ban paid prioritization, and the blocking and throttling of lawful content and services. I propose to fully apply&mdash;for the first time ever&mdash;those bright-line rules to mobile broadband. My proposal assures the rights of internet users to go where they want, when they want, and the rights of innovators to introduce new products without asking anyone's permission. ... To preserve incentives for broadband operators to invest in their networks, my proposal will modernize Title II, tailoring it for the 21st century, in order to provide returns necessary to construct competitive networks. For example, there will be no rate regulation, no tariffs, no last-mile unbundling. Over the last 21 years, the wireless industry has invested almost $300 billion under similar rules, proving that modernized Title II regulation can encourage investment and competition.""<p><div class=""share_submission"" style=""position:relative;""> <a class=""slashpop"" href=""http://twitter.com/home?status=Confirmed%3A+FCC+Will+Try+To+Regulate+Internet+Under+Title+II%3A+http%3A%2F%2Fbit.ly%2F1I1Fg3m""><img src=""http://a.fsdn.com/sd/twitter_icon_large.png""></a> <a class=""slashpop"" href=""http://www.facebook.com/sharer.php?u=http%3A%2F%2Fyro.slashdot.org%2Fstory%2F15%2F02%2F04%2F1649212%2Fconfirmed-fcc-will-try-to-regulate-internet-under-title-ii%3Futm_source%3Dslashdot%26utm_medium%3Dfacebook""><img src=""http://a.fsdn.com/sd/facebook_icon_large.png""></a> <a class=""nobg"" href=""http://plus.google.com/share?url=http://yro.slashdot.org/story/15/02/04/1649212/confirmed-fcc-will-try-to-regulate-internet-under-title-ii?utm_source=slashdot&amp;utm_medium=googleplus"" onclick=""javascript:window.open(this.href,'', 'menubar=no,toolbar=no,resizable=yes,scrollbars=yes,height=600,width=600');return false;""><img src=""http://www.gstatic.com/images/icons/gplus-16.png"" alt=""Share on Google+""/></a> </div></p><p><a href=""http://yro.slashdot.org/story/15/02/04/1649212/confirmed-fcc-will-try-to-regulate-internet-under-title-ii?utm_source=rss1.0moreanon&amp;utm_medium=feed"">Read more of this story</a> at Slashdot.</p><iframe src=""http://slashdot.org/slashdot-it.pl?op=discuss&amp;id=6903321&amp;smallembed=1"" style=""height: 300px; width: 100%; border: none;""></iframe><img width='1' height='1' src='http://slashdot.feedsportal.com/c/35028/f/647410/s/430b5bdf/sc/21/mf.gif' border='0'/><br clear='all'/><br/><br/><a href=""http://da.feedsportal.com/r/219132686792/u/49/f/647410/c/35028/s/430b5bdf/sc/21/rc/1/rc.htm"" rel=""nofollow""><img src=""http://da.feedsportal.com/r/219132686792/u/49/f/647410/c/35028/s/430b5bdf/sc/21/rc/1/rc.img"" border=""0""/></a><br/><a href=""http://da.feedsportal.com/r/219132686792/u/49/f/647410/c/35028/s/430b5bdf/sc/21/rc/2/rc.htm"" rel=""nofollow""><img src=""http://da.feedsportal.com/r/219132686792/u/49/f/647410/c/35028/s/430b5bdf/sc/21/rc/2/rc.img"" border=""0""/></a><br/><a href=""http://da.feedsportal.com/r/219132686792/u/49/f/647410/c/35028/s/430b5bdf/sc/21/rc/3/rc.htm"" rel=""nofollow""><img src=""http://da.feedsportal.com/r/219132686792/u/49/f/647410/c/35028/s/430b5bdf/sc/21/rc/3/rc.img"" border=""0""/></a><br/><br/><a href=""http://da.feedsportal.com/r/219132686792/u/49/f/647410/c/35028/s/430b5bdf/sc/21/a2.htm""><img src=""http://da.feedsportal.com/r/219132686792/u/49/f/647410/c/35028/s/430b5bdf/sc/21/a2.img"" border=""0""/></a><img width=""1"" height=""1"" src=""http://pi.feedsportal.com/r/219132686792/u/49/f/647410/c/35028/s/430b5bdf/sc/21/a2t.img"" border=""0""/><img src=""//feeds.feedburner.com/~r/Slashdot/slashdot/~4/e-47jBsB6iE"" height=""1"" width=""1"" alt=""""/>"
Deep-Sea Microorganism Hasn't Evolved For Over 2 Billion Years,http://rss.slashdot.org/~r/Slashdot/slashdot/~3/TOOkRUbgFOs/story01.htm,"sfcrazy writes: Evolution is a natural process &mdash; everything evolves over a period of time, depending on the environment. But now scientists have discovered an organism which hasn't evolved for over more than 2 billion years. That's almost the half of the life of the Earth. ""The scientists examined sulfur bacteria (abstract), microorganisms that are too small to see with the unaided eye, that are 1.8 billion years old and were preserved in rocks from Western Australia&rsquo;s coastal waters. Using cutting-edge technology, they found that the bacteria look the same as bacteria of the same region from 2.3 billion years ago &mdash; and that both sets of ancient bacteria are indistinguishable from modern sulfur bacteria found in mud off of the coast of Chile."" Scientists say the extreme stability of the environment around the organisms made further adaptations unnecessary.<p><div class=""share_submission"" style=""position:relative;""> <a class=""slashpop"" href=""http://twitter.com/home?status=Deep-Sea+Microorganism+Hasn't+Evolved+For+Over+2+Billion+Years%3A+http%3A%2F%2Fbit.ly%2F1CtE6u8""><img src=""http://a.fsdn.com/sd/twitter_icon_large.png""></a> <a class=""slashpop"" href=""http://www.facebook.com/sharer.php?u=http%3A%2F%2Fscience.slashdot.org%2Fstory%2F15%2F02%2F03%2F2148237%2Fdeep-sea-microorganism-hasnt-evolved-for-over-2-billion-years%3Futm_source%3Dslashdot%26utm_medium%3Dfacebook""><img src=""http://a.fsdn.com/sd/facebook_icon_large.png""></a> <a class=""nobg"" href=""http://plus.google.com/share?url=http://science.slashdot.org/story/15/02/03/2148237/deep-sea-microorganism-hasnt-evolved-for-over-2-billion-years?utm_source=slashdot&amp;utm_medium=googleplus"" onclick=""javascript:window.open(this.href,'', 'menubar=no,toolbar=no,resizable=yes,scrollbars=yes,height=600,width=600');return false;""><img src=""http://www.gstatic.com/images/icons/gplus-16.png"" alt=""Share on Google+""/></a> </div></p><p><a href=""http://science.slashdot.org/story/15/02/03/2148237/deep-sea-microorganism-hasnt-evolved-for-over-2-billion-years?utm_source=rss1.0moreanon&amp;utm_medium=feed"">Read more of this story</a> at Slashdot.</p><iframe src=""http://slashdot.org/slashdot-it.pl?op=discuss&amp;id=6896937&amp;smallembed=1"" style=""height: 300px; width: 100%; border: none;""></iframe><img width='1' height='1' src='http://slashdot.feedsportal.com/c/35028/f/647410/s/4302e666/sc/10/mf.gif' border='0'/><br clear='all'/><br/><br/><a href=""http://da.feedsportal.com/r/218611412663/u/49/f/647410/c/35028/s/4302e666/sc/10/rc/1/rc.htm"" rel=""nofollow""><img src=""http://da.feedsportal.com/r/218611412663/u/49/f/647410/c/35028/s/4302e666/sc/10/rc/1/rc.img"" border=""0""/></a><br/><a href=""http://da.feedsportal.com/r/218611412663/u/49/f/647410/c/35028/s/4302e666/sc/10/rc/2/rc.htm"" rel=""nofollow""><img src=""http://da.feedsportal.com/r/218611412663/u/49/f/647410/c/35028/s/4302e666/sc/10/rc/2/rc.img"" border=""0""/></a><br/><a href=""http://da.feedsportal.com/r/218611412663/u/49/f/647410/c/35028/s/4302e666/sc/10/rc/3/rc.htm"" rel=""nofollow""><img src=""http://da.feedsportal.com/r/218611412663/u/49/f/647410/c/35028/s/4302e666/sc/10/rc/3/rc.img"" border=""0""/></a><br/><br/><a href=""http://da.feedsportal.com/r/218611412663/u/49/f/647410/c/35028/s/4302e666/sc/10/a2.htm""><img src=""http://da.feedsportal.com/r/218611412663/u/49/f/647410/c/35028/s/4302e666/sc/10/a2.img"" border=""0""/></a><img width=""1"" height=""1"" src=""http://pi.feedsportal.com/r/218611412663/u/49/f/647410/c/35028/s/4302e666/sc/10/a2t.img"" border=""0""/><img src=""//feeds.feedburner.com/~r/Slashdot/slashdot/~4/TOOkRUbgFOs"" height=""1"" width=""1"" alt=""""/>"
Europe's green transport set for protection from oil price fall (ecoearth.info),http://news.feedzilla.com/en_us/stories/science/420383531?client_source=api&format=json,"Reuters: Europe's green transport sector, still in its fledgling stages, is
set to receive more regulatory support as the slump in oil prices tempts
drivers back to gas guzzlers. Renewable power, such as wind and solar, is an
increasingly established technology, competitive with conventional fuel and no
longer affected by movements in the oil market, analysts say. The alternative
transport sector is comparatively tiny, and more exposed as about 90 percent
of transport is fueled by conventional oil....

"
FCC's Tom Wheeler reveals his net neutrality plans (CBS News),http://news.feedzilla.com/en_us/stories/science/420403101?client_source=api&format=json,"In ""Wired"" magazine, the FCC Chairman outlined his intent for sweeping
regulations to keep the Internet ""open, now and in the future""

"
Firefighters' Blood Holds Chemicals Related to Potentially Toxic Compound (Scientific American),http://news.feedzilla.com/en_us/stories/science/420375662?client_source=api&format=json,"A new technique helps to identify unreported fluorinated compounds in fire-
suppressing foams


-- Read more on ScientificAmerican.com

"
From pecan to walnut: American leafminer invades Italy on a new tree (Eurekalert),http://news.feedzilla.com/en_us/stories/science/420176476?client_source=api&format=json,"(_Naturalis Biodiversity Center_) A leafminer that has been invading Italian
walnut orchards since 2010, has been shown to be identical to the North
American species that feeds on hickories and pecan. The identity of these
moths as Coptodisca lucifluella was proved by DNA barcoding and morphological
study. Probably the moth invaded the new host plant after it invaded Italy.
The leafminer is already widespread in Italy but the level of damage does not
seem to be worrisome.

"
How to Measure a Medical Treatment’s Potential for Harm (bioethicscom),http://news.feedzilla.com/en_us/stories/science/420166110?client_source=api&format=json,"(New York Times) - As we wrote last week, many fewer people benefit from
medical therapies than we tend to think. This fact is quantified in a
therapy’s Number Needed to Treat, or N.N.T., which tells you the number of …
Read More

"
Judge allows hearings summer closings of New York nuclear plant (climateark),http://news.feedzilla.com/en_us/stories/science/420390966?client_source=api&format=json,"Reuters: A judge in New York has ruled Entergy Corp cannot stop hearings on
the state's plan to shut the company's Indian Point nuclear power plant for
part of the summer to protect fish in the Hudson River. In a ruling late
Tuesday, an administrative law judge at the state Department of Environmental
Conservation (DEC) rejected Entergy's latest attempt to stop the state from
shutting the plant, at least for part of the summer. The ruling was the latest
salvo in an eight-year battle between Entergy,...

"
Jupiter and the Full Snow Moon Come Together In a Beautiful Conjunction Tonight (Universe Today),http://news.feedzilla.com/en_us/stories/science/420202041?client_source=api&format=json,"The Full Moon celebrates Jupiter's coming opposition by accompanying the
bright planet in a beautiful conjunction tonight. Even last night Jupiter and
the Moon were close enough to attract attention. Tonight they'll be even more
striking. Two reasons for that. The Moon is full this evening and will have
crept within 41/2° of the planet. They'll rise together and […]

"
Lawmakers applaud money in Obama budget for warning system (The Arizona Republic),http://news.feedzilla.com/en_us/stories/science/420409086?client_source=api&format=json,"WASHINGTON (AP) -- President Barack Obama's recommendation to spend $5 million
next year on an early earthquake warning system for the West Coast represents
a significant breakthrough, congressional supporters of the project said
Wednesday....

"
Lowering the Cost of Biofuel Production,http://rss.slashdot.org/~r/Slashdot/slashdot/~3/VLqJUPL5kso/story01.htm,"sciencehabit writes: 2014 was a banner year for making automotive fuel from nonfood crops, with a series of major new production plants opening in the United States. However, producing this so-called cellulosic ethanol remains considerably more expensive than gasoline. So researchers are always on the lookout for new ways to trim costs. Now they have a new lead: a microbe that can use abundant nitrogen gas as the fertilizer it needs to produce ethanol from plants. The discovery (abstract) is ""a major commercial accomplishment for biofuel production,"" says microbiologist Steven Ricke.<p><div class=""share_submission"" style=""position:relative;""> <a class=""slashpop"" href=""http://twitter.com/home?status=Lowering+the+Cost+of+Biofuel+Production%3A+http%3A%2F%2Fbit.ly%2F1AqTbfn""><img src=""http://a.fsdn.com/sd/twitter_icon_large.png""></a> <a class=""slashpop"" href=""http://www.facebook.com/sharer.php?u=http%3A%2F%2Fscience.slashdot.org%2Fstory%2F15%2F02%2F04%2F0422203%2Flowering-the-cost-of-biofuel-production%3Futm_source%3Dslashdot%26utm_medium%3Dfacebook""><img src=""http://a.fsdn.com/sd/facebook_icon_large.png""></a> <a class=""nobg"" href=""http://plus.google.com/share?url=http://science.slashdot.org/story/15/02/04/0422203/lowering-the-cost-of-biofuel-production?utm_source=slashdot&amp;utm_medium=googleplus"" onclick=""javascript:window.open(this.href,'', 'menubar=no,toolbar=no,resizable=yes,scrollbars=yes,height=600,width=600');return false;""><img src=""http://www.gstatic.com/images/icons/gplus-16.png"" alt=""Share on Google+""/></a> </div></p><p><a href=""http://science.slashdot.org/story/15/02/04/0422203/lowering-the-cost-of-biofuel-production?utm_source=rss1.0moreanon&amp;utm_medium=feed"">Read more of this story</a> at Slashdot.</p><iframe src=""http://slashdot.org/slashdot-it.pl?op=discuss&amp;id=6898589&amp;smallembed=1"" style=""height: 300px; width: 100%; border: none;""></iframe><img width='1' height='1' src='http://slashdot.feedsportal.com/c/35028/f/647410/s/43052a70/sc/29/mf.gif' border='0'/><br clear='all'/><br/><br/><a href=""http://da.feedsportal.com/r/218611344921/u/49/f/647410/c/35028/s/43052a70/sc/29/rc/1/rc.htm"" rel=""nofollow""><img src=""http://da.feedsportal.com/r/218611344921/u/49/f/647410/c/35028/s/43052a70/sc/29/rc/1/rc.img"" border=""0""/></a><br/><a href=""http://da.feedsportal.com/r/218611344921/u/49/f/647410/c/35028/s/43052a70/sc/29/rc/2/rc.htm"" rel=""nofollow""><img src=""http://da.feedsportal.com/r/218611344921/u/49/f/647410/c/35028/s/43052a70/sc/29/rc/2/rc.img"" border=""0""/></a><br/><a href=""http://da.feedsportal.com/r/218611344921/u/49/f/647410/c/35028/s/43052a70/sc/29/rc/3/rc.htm"" rel=""nofollow""><img src=""http://da.feedsportal.com/r/218611344921/u/49/f/647410/c/35028/s/43052a70/sc/29/rc/3/rc.img"" border=""0""/></a><br/><br/><a href=""http://da.feedsportal.com/r/218611344921/u/49/f/647410/c/35028/s/43052a70/sc/29/a2.htm""><img src=""http://da.feedsportal.com/r/218611344921/u/49/f/647410/c/35028/s/43052a70/sc/29/a2.img"" border=""0""/></a><img width=""1"" height=""1"" src=""http://pi.feedsportal.com/r/218611344921/u/49/f/647410/c/35028/s/43052a70/sc/29/a2t.img"" border=""0""/><img src=""//feeds.feedburner.com/~r/Slashdot/slashdot/~4/VLqJUPL5kso"" height=""1"" width=""1"" alt=""""/>"
Major Record Labels Keep 73% of Spotify Payouts,http://rss.slashdot.org/~r/Slashdot/slashdot/~3/16Tsk9S_MPU/story01.htm,"journovampire sends this report: New record company figures out of France suggest that artists are being paid just 68 cents from every &euro;9.99 monthly music streaming subscription &ndash; as major labels keep hold of 73% of payouts from the likes of Spotify. They&rsquo;re followed by writers/publishers with a 16% share, and then artists &ndash; mostly paid by their labels &ndash; who get 11%.<p><div class=""share_submission"" style=""position:relative;""> <a class=""slashpop"" href=""http://twitter.com/home?status=Major+Record+Labels+Keep+73%25+of+Spotify+Payouts%3A+http%3A%2F%2Fbit.ly%2F1F4F26n""><img src=""http://a.fsdn.com/sd/twitter_icon_large.png""></a> <a class=""slashpop"" href=""http://www.facebook.com/sharer.php?u=http%3A%2F%2Fentertainment.slashdot.org%2Fstory%2F15%2F02%2F04%2F0427254%2Fmajor-record-labels-keep-73-of-spotify-payouts%3Futm_source%3Dslashdot%26utm_medium%3Dfacebook""><img src=""http://a.fsdn.com/sd/facebook_icon_large.png""></a> <a class=""nobg"" href=""http://plus.google.com/share?url=http://entertainment.slashdot.org/story/15/02/04/0427254/major-record-labels-keep-73-of-spotify-payouts?utm_source=slashdot&amp;utm_medium=googleplus"" onclick=""javascript:window.open(this.href,'', 'menubar=no,toolbar=no,resizable=yes,scrollbars=yes,height=600,width=600');return false;""><img src=""http://www.gstatic.com/images/icons/gplus-16.png"" alt=""Share on Google+""/></a> </div></p><p><a href=""http://entertainment.slashdot.org/story/15/02/04/0427254/major-record-labels-keep-73-of-spotify-payouts?utm_source=rss1.0moreanon&amp;utm_medium=feed"">Read more of this story</a> at Slashdot.</p><iframe src=""http://slashdot.org/slashdot-it.pl?op=discuss&amp;id=6898627&amp;smallembed=1"" style=""height: 300px; width: 100%; border: none;""></iframe><img width='1' height='1' src='http://slashdot.feedsportal.com/c/35028/f/647410/s/43066325/sc/38/mf.gif' border='0'/><br clear='all'/><br/><br/><a href=""http://da.feedsportal.com/r/218611350455/u/49/f/647410/c/35028/s/43066325/sc/38/rc/1/rc.htm"" rel=""nofollow""><img src=""http://da.feedsportal.com/r/218611350455/u/49/f/647410/c/35028/s/43066325/sc/38/rc/1/rc.img"" border=""0""/></a><br/><a href=""http://da.feedsportal.com/r/218611350455/u/49/f/647410/c/35028/s/43066325/sc/38/rc/2/rc.htm"" rel=""nofollow""><img src=""http://da.feedsportal.com/r/218611350455/u/49/f/647410/c/35028/s/43066325/sc/38/rc/2/rc.img"" border=""0""/></a><br/><a href=""http://da.feedsportal.com/r/218611350455/u/49/f/647410/c/35028/s/43066325/sc/38/rc/3/rc.htm"" rel=""nofollow""><img src=""http://da.feedsportal.com/r/218611350455/u/49/f/647410/c/35028/s/43066325/sc/38/rc/3/rc.img"" border=""0""/></a><br/><br/><a href=""http://da.feedsportal.com/r/218611350455/u/49/f/647410/c/35028/s/43066325/sc/38/a2.htm""><img src=""http://da.feedsportal.com/r/218611350455/u/49/f/647410/c/35028/s/43066325/sc/38/a2.img"" border=""0""/></a><img width=""1"" height=""1"" src=""http://pi.feedsportal.com/r/218611350455/u/49/f/647410/c/35028/s/43066325/sc/38/a2t.img"" border=""0""/><img src=""//feeds.feedburner.com/~r/Slashdot/slashdot/~4/16Tsk9S_MPU"" height=""1"" width=""1"" alt=""""/>"
Massive Layoff Underway At IBM,http://rss.slashdot.org/~r/Slashdot/slashdot/~3/NqY8IyxrQ_Y/story01.htm,"Tekla Perry writes: Project Chrome, a massive layoff that IBM is pretending is not a massive layoff, is underway. At more than 100,000 people, it is projected to be the largest mass layoff by any U.S. corporation in at least 20 years. Alliance@IBM, the IBM employees' union, says it has so far collected reports of 5000 jobs eliminated, but those are just numbers of those getting official layoff notices. According to anecdotal reports, IBM appears to be abusing the performance appraisal system to cut additional employees without officially laying them off.<p><div class=""share_submission"" style=""position:relative;""> <a class=""slashpop"" href=""http://twitter.com/home?status=Massive+Layoff+Underway+At+IBM%3A+http%3A%2F%2Fbit.ly%2F1Aqoirr""><img src=""http://a.fsdn.com/sd/twitter_icon_large.png""></a> <a class=""slashpop"" href=""http://www.facebook.com/sharer.php?u=http%3A%2F%2Fnews.slashdot.org%2Fstory%2F15%2F02%2F04%2F026229%2Fmassive-layoff-underway-at-ibm%3Futm_source%3Dslashdot%26utm_medium%3Dfacebook""><img src=""http://a.fsdn.com/sd/facebook_icon_large.png""></a> <a class=""nobg"" href=""http://plus.google.com/share?url=http://news.slashdot.org/story/15/02/04/026229/massive-layoff-underway-at-ibm?utm_source=slashdot&amp;utm_medium=googleplus"" onclick=""javascript:window.open(this.href,'', 'menubar=no,toolbar=no,resizable=yes,scrollbars=yes,height=600,width=600');return false;""><img src=""http://www.gstatic.com/images/icons/gplus-16.png"" alt=""Share on Google+""/></a> </div></p><p><a href=""http://news.slashdot.org/story/15/02/04/026229/massive-layoff-underway-at-ibm?utm_source=rss1.0moreanon&amp;utm_medium=feed"">Read more of this story</a> at Slashdot.</p><iframe src=""http://slashdot.org/slashdot-it.pl?op=discuss&amp;id=6897699&amp;smallembed=1"" style=""height: 300px; width: 100%; border: none;""></iframe><img width='1' height='1' src='http://slashdot.feedsportal.com/c/35028/f/647410/s/4303d57a/sc/1/mf.gif' border='0'/><br clear='all'/><br/><br/><a href=""http://da.feedsportal.com/r/219132654654/u/49/f/647410/c/35028/s/4303d57a/sc/1/rc/1/rc.htm"" rel=""nofollow""><img src=""http://da.feedsportal.com/r/219132654654/u/49/f/647410/c/35028/s/4303d57a/sc/1/rc/1/rc.img"" border=""0""/></a><br/><a href=""http://da.feedsportal.com/r/219132654654/u/49/f/647410/c/35028/s/4303d57a/sc/1/rc/2/rc.htm"" rel=""nofollow""><img src=""http://da.feedsportal.com/r/219132654654/u/49/f/647410/c/35028/s/4303d57a/sc/1/rc/2/rc.img"" border=""0""/></a><br/><a href=""http://da.feedsportal.com/r/219132654654/u/49/f/647410/c/35028/s/4303d57a/sc/1/rc/3/rc.htm"" rel=""nofollow""><img src=""http://da.feedsportal.com/r/219132654654/u/49/f/647410/c/35028/s/4303d57a/sc/1/rc/3/rc.img"" border=""0""/></a><br/><br/><a href=""http://da.feedsportal.com/r/219132654654/u/49/f/647410/c/35028/s/4303d57a/sc/1/a2.htm""><img src=""http://da.feedsportal.com/r/219132654654/u/49/f/647410/c/35028/s/4303d57a/sc/1/a2.img"" border=""0""/></a><img width=""1"" height=""1"" src=""http://pi.feedsportal.com/r/219132654654/u/49/f/647410/c/35028/s/4303d57a/sc/1/a2t.img"" border=""0""/><img src=""//feeds.feedburner.com/~r/Slashdot/slashdot/~4/NqY8IyxrQ_Y"" height=""1"" width=""1"" alt=""""/>"
"Microsoft Open Sources CoreCLR, the </nobr>.NET Execution Engine",http://rss.slashdot.org/~r/Slashdot/slashdot/~3/HlyCQEe-YNc/story01.htm,"An anonymous reader writes: As part of Microsoft's continuing project to open source the .NET framework, the company has announced that CoreCLR, the execution engine for .NET Core, is now available on GitHub. CoreCLR handles things like garbage collection, compilation to machine code, and IL byte code loading. The .NET team said, ""We have released the complete and up-to-date CoreCLR implementation, which includes RyuJIT, the .NET GC, native interop and many other .NET runtime components. ... We will be adding Linux and Mac implementations of platform-specific components over the next few months. We already have some Linux-specific code in .NET Core, but we're really just getting started on our ports. We wanted to open up the code first, so that we could all enjoy the cross-platform journey from the outset.""<p><div class=""share_submission"" style=""position:relative;""> <a class=""slashpop"" href=""http://twitter.com/home?status=Microsoft+Open+Sources+CoreCLR%2C+the+.NET+Execution+Engine%3A+http%3A%2F%2Fbit.ly%2F1C0gHOc""><img src=""http://a.fsdn.com/sd/twitter_icon_large.png""></a> <a class=""slashpop"" href=""http://www.facebook.com/sharer.php?u=http%3A%2F%2Fnews.slashdot.org%2Fstory%2F15%2F02%2F04%2F0332238%2Fmicrosoft-open-sources-coreclr-the-net-execution-engine%3Futm_source%3Dslashdot%26utm_medium%3Dfacebook""><img src=""http://a.fsdn.com/sd/facebook_icon_large.png""></a> <a class=""nobg"" href=""http://plus.google.com/share?url=http://news.slashdot.org/story/15/02/04/0332238/microsoft-open-sources-coreclr-the-net-execution-engine?utm_source=slashdot&amp;utm_medium=googleplus"" onclick=""javascript:window.open(this.href,'', 'menubar=no,toolbar=no,resizable=yes,scrollbars=yes,height=600,width=600');return false;""><img src=""http://www.gstatic.com/images/icons/gplus-16.png"" alt=""Share on Google+""/></a> </div></p><p><a href=""http://news.slashdot.org/story/15/02/04/0332238/microsoft-open-sources-coreclr-the-net-execution-engine?utm_source=rss1.0moreanon&amp;utm_medium=feed"">Read more of this story</a> at Slashdot.</p><iframe src=""http://slashdot.org/slashdot-it.pl?op=discuss&amp;id=6898269&amp;smallembed=1"" style=""height: 300px; width: 100%; border: none;""></iframe><img width='1' height='1' src='http://slashdot.feedsportal.com/c/35028/f/647410/s/4307751e/sc/4/mf.gif' border='0'/><br clear='all'/><br/><br/><a href=""http://da.feedsportal.com/r/218611409844/u/49/f/647410/c/35028/s/4307751e/sc/4/rc/1/rc.htm"" rel=""nofollow""><img src=""http://da.feedsportal.com/r/218611409844/u/49/f/647410/c/35028/s/4307751e/sc/4/rc/1/rc.img"" border=""0""/></a><br/><a href=""http://da.feedsportal.com/r/218611409844/u/49/f/647410/c/35028/s/4307751e/sc/4/rc/2/rc.htm"" rel=""nofollow""><img src=""http://da.feedsportal.com/r/218611409844/u/49/f/647410/c/35028/s/4307751e/sc/4/rc/2/rc.img"" border=""0""/></a><br/><a href=""http://da.feedsportal.com/r/218611409844/u/49/f/647410/c/35028/s/4307751e/sc/4/rc/3/rc.htm"" rel=""nofollow""><img src=""http://da.feedsportal.com/r/218611409844/u/49/f/647410/c/35028/s/4307751e/sc/4/rc/3/rc.img"" border=""0""/></a><br/><br/><a href=""http://da.feedsportal.com/r/218611409844/u/49/f/647410/c/35028/s/4307751e/sc/4/a2.htm""><img src=""http://da.feedsportal.com/r/218611409844/u/49/f/647410/c/35028/s/4307751e/sc/4/a2.img"" border=""0""/></a><img width=""1"" height=""1"" src=""http://pi.feedsportal.com/r/218611409844/u/49/f/647410/c/35028/s/4307751e/sc/4/a2t.img"" border=""0""/><img src=""//feeds.feedburner.com/~r/Slashdot/slashdot/~4/HlyCQEe-YNc"" height=""1"" width=""1"" alt=""""/>"
New Fiber Optic Signal Processing Technique Doubles Communication Distance,http://rss.slashdot.org/~r/Slashdot/slashdot/~3/Cg5x3WWDOJQ/story01.htm,"hypnosec writes: Researchers at University College London (UCL) have demonstrated a new technique for fiber optic signal processing that doubles the distance at which data travels error-free through transatlantic sub-marine cables. The UCL research, published in Scientific Reports, has the potential to reduce the costs of long-distance optical fiber communications as signals wouldn't need to be electronically boosted during their journey, which is important when the cables are buried underground or at the bottom of the ocean. The study reports a new way of improving the transmission distance, by undoing the interactions that occur between different optical channels as they travel side-by-side over an optical cable. By eliminating the interactions between the optical channels, researchers increase distance signals can be transmitted error-free from 3190km to 5890km, which is the largest increase ever reported for this system architecture.<p><div class=""share_submission"" style=""position:relative;""> <a class=""slashpop"" href=""http://twitter.com/home?status=New+Fiber+Optic+Signal+Processing+Technique+Doubles+Communication+Distance%3A+http%3A%2F%2Fbit.ly%2F1CYU9il""><img src=""http://a.fsdn.com/sd/twitter_icon_large.png""></a> <a class=""slashpop"" href=""http://www.facebook.com/sharer.php?u=http%3A%2F%2Ftech.slashdot.org%2Fstory%2F15%2F02%2F04%2F1357217%2Fnew-fiber-optic-signal-processing-technique-doubles-communication-distance%3Futm_source%3Dslashdot%26utm_medium%3Dfacebook""><img src=""http://a.fsdn.com/sd/facebook_icon_large.png""></a> <a class=""nobg"" href=""http://plus.google.com/share?url=http://tech.slashdot.org/story/15/02/04/1357217/new-fiber-optic-signal-processing-technique-doubles-communication-distance?utm_source=slashdot&amp;utm_medium=googleplus"" onclick=""javascript:window.open(this.href,'', 'menubar=no,toolbar=no,resizable=yes,scrollbars=yes,height=600,width=600');return false;""><img src=""http://www.gstatic.com/images/icons/gplus-16.png"" alt=""Share on Google+""/></a> </div></p><p><a href=""http://tech.slashdot.org/story/15/02/04/1357217/new-fiber-optic-signal-processing-technique-doubles-communication-distance?utm_source=rss1.0moreanon&amp;utm_medium=feed"">Read more of this story</a> at Slashdot.</p><iframe src=""http://slashdot.org/slashdot-it.pl?op=discuss&amp;id=6902709&amp;smallembed=1"" style=""height: 300px; width: 100%; border: none;""></iframe><img width='1' height='1' src='http://slashdot.feedsportal.com/c/35028/f/647410/s/43099f50/sc/46/mf.gif' border='0'/><br clear='all'/><br/><br/><a href=""http://da.feedsportal.com/r/218611364399/u/49/f/647410/c/35028/s/43099f50/sc/46/rc/1/rc.htm"" rel=""nofollow""><img src=""http://da.feedsportal.com/r/218611364399/u/49/f/647410/c/35028/s/43099f50/sc/46/rc/1/rc.img"" border=""0""/></a><br/><a href=""http://da.feedsportal.com/r/218611364399/u/49/f/647410/c/35028/s/43099f50/sc/46/rc/2/rc.htm"" rel=""nofollow""><img src=""http://da.feedsportal.com/r/218611364399/u/49/f/647410/c/35028/s/43099f50/sc/46/rc/2/rc.img"" border=""0""/></a><br/><a href=""http://da.feedsportal.com/r/218611364399/u/49/f/647410/c/35028/s/43099f50/sc/46/rc/3/rc.htm"" rel=""nofollow""><img src=""http://da.feedsportal.com/r/218611364399/u/49/f/647410/c/35028/s/43099f50/sc/46/rc/3/rc.img"" border=""0""/></a><br/><br/><a href=""http://da.feedsportal.com/r/218611364399/u/49/f/647410/c/35028/s/43099f50/sc/46/a2.htm""><img src=""http://da.feedsportal.com/r/218611364399/u/49/f/647410/c/35028/s/43099f50/sc/46/a2.img"" border=""0""/></a><img width=""1"" height=""1"" src=""http://pi.feedsportal.com/r/218611364399/u/49/f/647410/c/35028/s/43099f50/sc/46/a2t.img"" border=""0""/><img src=""//feeds.feedburner.com/~r/Slashdot/slashdot/~4/Cg5x3WWDOJQ"" height=""1"" width=""1"" alt=""""/>"
New research sheds light on neural circuit development (Eurekalert),http://news.feedzilla.com/en_us/stories/science/420176491?client_source=api&format=json,"Using multiphoton imaging, researchers are now able to move beyond
characterizing the properties of individual cells to investigate how
communication among neurons changes over the course of development. In their
paper published in Nature Neuroscience in January, researchers at Max Planck
Florida Institute for Neuroscience and Frankfurt Institute for Advanced
Studies report substantial developmental changes in communication among cells
that significantly improve the information processing capabilities of the
brain.

"
Novel Fluorinated Compounds Discovered In Firefighters' Blood,http://rss.slashdot.org/~r/Slashdot/slashdot/~3/Xhzmd4Xyczg/story01.htm,"ckwu writes: Perfluorinated compounds help firefighting foams rapidly flow over flaming liquids such as gasoline and jet fuel, cooling and quenching fires. But despite environmental scientists' concerns about these possibly toxic compounds, researchers don't know the identity of many of the chemicals in the mixtures on the market. For the first time, a new study borrows a medical research tool to pinpoint fluorochemicals in the blood of firefighters, identifying novel compounds that have never before been publicly reported.<p><div class=""share_submission"" style=""position:relative;""> <a class=""slashpop"" href=""http://twitter.com/home?status=Novel+Fluorinated+Compounds+Discovered+In+Firefighters'+Blood%3A+http%3A%2F%2Fbit.ly%2F16f9kad""><img src=""http://a.fsdn.com/sd/twitter_icon_large.png""></a> <a class=""slashpop"" href=""http://www.facebook.com/sharer.php?u=http%3A%2F%2Fscience.slashdot.org%2Fstory%2F15%2F02%2F04%2F0020235%2Fnovel-fluorinated-compounds-discovered-in-firefighters-blood%3Futm_source%3Dslashdot%26utm_medium%3Dfacebook""><img src=""http://a.fsdn.com/sd/facebook_icon_large.png""></a> <a class=""nobg"" href=""http://plus.google.com/share?url=http://science.slashdot.org/story/15/02/04/0020235/novel-fluorinated-compounds-discovered-in-firefighters-blood?utm_source=slashdot&amp;utm_medium=googleplus"" onclick=""javascript:window.open(this.href,'', 'menubar=no,toolbar=no,resizable=yes,scrollbars=yes,height=600,width=600');return false;""><img src=""http://www.gstatic.com/images/icons/gplus-16.png"" alt=""Share on Google+""/></a> </div></p><p><a href=""http://science.slashdot.org/story/15/02/04/0020235/novel-fluorinated-compounds-discovered-in-firefighters-blood?utm_source=rss1.0moreanon&amp;utm_medium=feed"">Read more of this story</a> at Slashdot.</p><iframe src=""http://slashdot.org/slashdot-it.pl?op=discuss&amp;id=6897301&amp;smallembed=1"" style=""height: 300px; width: 100%; border: none;""></iframe><img width='1' height='1' src='http://slashdot.feedsportal.com/c/35028/f/647410/s/430386a9/sc/31/mf.gif' border='0'/><br clear='all'/><br/><br/><a href=""http://da.feedsportal.com/r/218611415610/u/49/f/647410/c/35028/s/430386a9/sc/31/rc/1/rc.htm"" rel=""nofollow""><img src=""http://da.feedsportal.com/r/218611415610/u/49/f/647410/c/35028/s/430386a9/sc/31/rc/1/rc.img"" border=""0""/></a><br/><a href=""http://da.feedsportal.com/r/218611415610/u/49/f/647410/c/35028/s/430386a9/sc/31/rc/2/rc.htm"" rel=""nofollow""><img src=""http://da.feedsportal.com/r/218611415610/u/49/f/647410/c/35028/s/430386a9/sc/31/rc/2/rc.img"" border=""0""/></a><br/><a href=""http://da.feedsportal.com/r/218611415610/u/49/f/647410/c/35028/s/430386a9/sc/31/rc/3/rc.htm"" rel=""nofollow""><img src=""http://da.feedsportal.com/r/218611415610/u/49/f/647410/c/35028/s/430386a9/sc/31/rc/3/rc.img"" border=""0""/></a><br/><br/><a href=""http://da.feedsportal.com/r/218611415610/u/49/f/647410/c/35028/s/430386a9/sc/31/a2.htm""><img src=""http://da.feedsportal.com/r/218611415610/u/49/f/647410/c/35028/s/430386a9/sc/31/a2.img"" border=""0""/></a><img width=""1"" height=""1"" src=""http://pi.feedsportal.com/r/218611415610/u/49/f/647410/c/35028/s/430386a9/sc/31/a2t.img"" border=""0""/><img src=""//feeds.feedburner.com/~r/Slashdot/slashdot/~4/Xhzmd4Xyczg"" height=""1"" width=""1"" alt=""""/>"
One-Atom-Thick Silicene Transistors May Lead To Dramatically Faster Chips,http://rss.slashdot.org/~r/Slashdot/slashdot/~3/PJUdQIsKEdM/story01.htm,"Zothecula writes: As recently as 2010, human-made silicene &ndash; an atom-thin form of silicon &ndash; was purely theoretical. But now the exotic material has been used to make transistors, and researchers have found that silicene's electrical properties lend it extraordinary potential in powering the next generation of computer chips. The new method (abstract) of creating the silicene reduces its exposure to air. ""To start, the researchers let a hot vapor of silicon atoms condense onto a crystalline block of silver in a vacuum chamber. They then formed a silicene sheet on a thin layer of silver and added a nanometer-thick layer of alumina on top. Because of these protective layers, the team could safely peel it of its base and transfer it silver-side-up to an oxidized-silicon substrate. They were then able to gently scrape some of the silver to leave behind two islands of metal as electrodes, with a strip of silicene between them.""<p><div class=""share_submission"" style=""position:relative;""> <a class=""slashpop"" href=""http://twitter.com/home?status=One-Atom-Thick+Silicene+Transistors+May+Lead+To+Dramatically+Faster+Chips%3A+http%3A%2F%2Fbit.ly%2F1F5Uteu""><img src=""http://a.fsdn.com/sd/twitter_icon_large.png""></a> <a class=""slashpop"" href=""http://www.facebook.com/sharer.php?u=http%3A%2F%2Ftech.slashdot.org%2Fstory%2F15%2F02%2F04%2F1526208%2Fone-atom-thick-silicene-transistors-may-lead-to-dramatically-faster-chips%3Futm_source%3Dslashdot%26utm_medium%3Dfacebook""><img src=""http://a.fsdn.com/sd/facebook_icon_large.png""></a> <a class=""nobg"" href=""http://plus.google.com/share?url=http://tech.slashdot.org/story/15/02/04/1526208/one-atom-thick-silicene-transistors-may-lead-to-dramatically-faster-chips?utm_source=slashdot&amp;utm_medium=googleplus"" onclick=""javascript:window.open(this.href,'', 'menubar=no,toolbar=no,resizable=yes,scrollbars=yes,height=600,width=600');return false;""><img src=""http://www.gstatic.com/images/icons/gplus-16.png"" alt=""Share on Google+""/></a> </div></p><p><a href=""http://tech.slashdot.org/story/15/02/04/1526208/one-atom-thick-silicene-transistors-may-lead-to-dramatically-faster-chips?utm_source=rss1.0moreanon&amp;utm_medium=feed"">Read more of this story</a> at Slashdot.</p><iframe src=""http://slashdot.org/slashdot-it.pl?op=discuss&amp;id=6903037&amp;smallembed=1"" style=""height: 300px; width: 100%; border: none;""></iframe><img width='1' height='1' src='http://slashdot.feedsportal.com/c/35028/f/647410/s/430ae771/sc/4/mf.gif' border='0'/><br clear='all'/><br/><br/><a href=""http://da.feedsportal.com/r/218611440771/u/49/f/647410/c/35028/s/430ae771/sc/4/rc/1/rc.htm"" rel=""nofollow""><img src=""http://da.feedsportal.com/r/218611440771/u/49/f/647410/c/35028/s/430ae771/sc/4/rc/1/rc.img"" border=""0""/></a><br/><a href=""http://da.feedsportal.com/r/218611440771/u/49/f/647410/c/35028/s/430ae771/sc/4/rc/2/rc.htm"" rel=""nofollow""><img src=""http://da.feedsportal.com/r/218611440771/u/49/f/647410/c/35028/s/430ae771/sc/4/rc/2/rc.img"" border=""0""/></a><br/><a href=""http://da.feedsportal.com/r/218611440771/u/49/f/647410/c/35028/s/430ae771/sc/4/rc/3/rc.htm"" rel=""nofollow""><img src=""http://da.feedsportal.com/r/218611440771/u/49/f/647410/c/35028/s/430ae771/sc/4/rc/3/rc.img"" border=""0""/></a><br/><br/><a href=""http://da.feedsportal.com/r/218611440771/u/49/f/647410/c/35028/s/430ae771/sc/4/a2.htm""><img src=""http://da.feedsportal.com/r/218611440771/u/49/f/647410/c/35028/s/430ae771/sc/4/a2.img"" border=""0""/></a><img width=""1"" height=""1"" src=""http://pi.feedsportal.com/r/218611440771/u/49/f/647410/c/35028/s/430ae771/sc/4/a2t.img"" border=""0""/><img src=""//feeds.feedburner.com/~r/Slashdot/slashdot/~4/PJUdQIsKEdM"" height=""1"" width=""1"" alt=""""/>"
Pilot's Selfies Could Have Caused Deadly Air Crash,http://rss.slashdot.org/~r/Slashdot/slashdot/~3/n1TEe2WQw9o/story01.htm,"alphadogg writes: A deadly air crash that killed a pilot and passenger in Colorado last year was likely due to a loss of spatial awareness brought on in part by taking of selfies while in flight, the National Transportation Safety Board has concluded. An examination of the aircraft revealed no apparent problems that would have caused the accident so, based on the previous patterns of behavior, the NTSB concluded that ""it is likely that cell phone use during the accident flight distracted the pilot and contributed to the development of spatial disorientation and subsequent loss of control.""<p><div class=""share_submission"" style=""position:relative;""> <a class=""slashpop"" href=""http://twitter.com/home?status=Pilot's+Selfies+Could+Have+Caused+Deadly+Air+Crash%3A+http%3A%2F%2Fbit.ly%2F1CurB1e""><img src=""http://a.fsdn.com/sd/twitter_icon_large.png""></a> <a class=""slashpop"" href=""http://www.facebook.com/sharer.php?u=http%3A%2F%2Ftech.slashdot.org%2Fstory%2F15%2F02%2F04%2F020200%2Fpilots-selfies-could-have-caused-deadly-air-crash%3Futm_source%3Dslashdot%26utm_medium%3Dfacebook""><img src=""http://a.fsdn.com/sd/facebook_icon_large.png""></a> <a class=""nobg"" href=""http://plus.google.com/share?url=http://tech.slashdot.org/story/15/02/04/020200/pilots-selfies-could-have-caused-deadly-air-crash?utm_source=slashdot&amp;utm_medium=googleplus"" onclick=""javascript:window.open(this.href,'', 'menubar=no,toolbar=no,resizable=yes,scrollbars=yes,height=600,width=600');return false;""><img src=""http://www.gstatic.com/images/icons/gplus-16.png"" alt=""Share on Google+""/></a> </div></p><p><a href=""http://tech.slashdot.org/story/15/02/04/020200/pilots-selfies-could-have-caused-deadly-air-crash?utm_source=rss1.0moreanon&amp;utm_medium=feed"">Read more of this story</a> at Slashdot.</p><iframe src=""http://slashdot.org/slashdot-it.pl?op=discuss&amp;id=6897673&amp;smallembed=1"" style=""height: 300px; width: 100%; border: none;""></iframe><img width='1' height='1' src='http://slashdot.feedsportal.com/c/35028/f/647410/s/43056079/sc/1/mf.gif' border='0'/><br clear='all'/><br/><br/><a href=""http://da.feedsportal.com/r/218611419247/u/49/f/647410/c/35028/s/43056079/sc/1/rc/1/rc.htm"" rel=""nofollow""><img src=""http://da.feedsportal.com/r/218611419247/u/49/f/647410/c/35028/s/43056079/sc/1/rc/1/rc.img"" border=""0""/></a><br/><a href=""http://da.feedsportal.com/r/218611419247/u/49/f/647410/c/35028/s/43056079/sc/1/rc/2/rc.htm"" rel=""nofollow""><img src=""http://da.feedsportal.com/r/218611419247/u/49/f/647410/c/35028/s/43056079/sc/1/rc/2/rc.img"" border=""0""/></a><br/><a href=""http://da.feedsportal.com/r/218611419247/u/49/f/647410/c/35028/s/43056079/sc/1/rc/3/rc.htm"" rel=""nofollow""><img src=""http://da.feedsportal.com/r/218611419247/u/49/f/647410/c/35028/s/43056079/sc/1/rc/3/rc.img"" border=""0""/></a><br/><br/><a href=""http://da.feedsportal.com/r/218611419247/u/49/f/647410/c/35028/s/43056079/sc/1/a2.htm""><img src=""http://da.feedsportal.com/r/218611419247/u/49/f/647410/c/35028/s/43056079/sc/1/a2.img"" border=""0""/></a><img width=""1"" height=""1"" src=""http://pi.feedsportal.com/r/218611419247/u/49/f/647410/c/35028/s/43056079/sc/1/a2t.img"" border=""0""/><img src=""//feeds.feedburner.com/~r/Slashdot/slashdot/~4/n1TEe2WQw9o"" height=""1"" width=""1"" alt=""""/>"
"Sea slug has taken genes from algae it eats, allowing it to photosynthesize like a plant (Biologynews)",http://news.feedzilla.com/en_us/stories/science/420231926?client_source=api&format=json,"
The rich green color of the photosynthesizing sea slug, _Elysia chlorotica_,
helps to camouflage it on the ocean floor. How a brilliant-green sea slug
manages to live for months at a time ""feeding"" on sunlight, like a plant, is
clarified in a recent study published in _The Biological Bulletin_.

"
Silk Road Case: Prosecution Reads Alleged Transcript of DPR Arranging 5 Murders,http://rss.slashdot.org/~r/Slashdot/slashdot/~3/jtTu9xc5Sjo/story01.htm,"New submitter BenBoy points out an article at Wired about the most recent developments in the trial of Ross Ulbricht, alleged to be the man behind the Silk Road digital black market, going by the alias Dread Pirate Roberts. The prosecution has now rested its case, but one of their last presentations was a series of communications between DPR and a supposed member of the Hell's Angels motorcycle club in which he arranged for hitmen to kill five different people. Wired notes, Ulbricht, who the prosecutors have sought to prove is that Dread Pirate Roberts, hasn't been charged with murder-for-hire in his Southern District of New York case, though he faces charges that include conspiracies to sell narcotics, launder money and more. (He does, however, face murder-for-hire charges in a separate case in Baltimore.) In fact, the prosecution admitted in court that the purported victims of the Silk Road killings were never found, and that Canadian police couldn't even locate records for anyone with their names. ... Even so, the prosecution took pains to read the entire conversation to the jury because it&rsquo;s intended to show them the darkest side of the Silk Road&rsquo;s short history. If genuine, the transcript shows that members of the Hell's Angels organization are familiar with using encryption to shield their communications from law enforcement. Forbes has a detailed update on how the rest of the case has progressed, and Ars has a brief article on today's closing arguments.<p><div class=""share_submission"" style=""position:relative;""> <a class=""slashpop"" href=""http://twitter.com/home?status=Silk+Road+Case%3A+Prosecution+Reads+Alleged+Transcript+of+DPR+Arranging+5+Murders%3A+http%3A%2F%2Fbit.ly%2F1xaiFGu""><img src=""http://a.fsdn.com/sd/twitter_icon_large.png""></a> <a class=""slashpop"" href=""http://www.facebook.com/sharer.php?u=http%3A%2F%2Fyro.slashdot.org%2Fstory%2F15%2F02%2F03%2F2337239%2Fsilk-road-case-prosecution-reads-alleged-transcript-of-dpr-arranging-5-murders%3Futm_source%3Dslashdot%26utm_medium%3Dfacebook""><img src=""http://a.fsdn.com/sd/facebook_icon_large.png""></a> <a class=""nobg"" href=""http://plus.google.com/share?url=http://yro.slashdot.org/story/15/02/03/2337239/silk-road-case-prosecution-reads-alleged-transcript-of-dpr-arranging-5-murders?utm_source=slashdot&amp;utm_medium=googleplus"" onclick=""javascript:window.open(this.href,'', 'menubar=no,toolbar=no,resizable=yes,scrollbars=yes,height=600,width=600');return false;""><img src=""http://www.gstatic.com/images/icons/gplus-16.png"" alt=""Share on Google+""/></a> </div></p><p><a href=""http://yro.slashdot.org/story/15/02/03/2337239/silk-road-case-prosecution-reads-alleged-transcript-of-dpr-arranging-5-murders?utm_source=rss1.0moreanon&amp;utm_medium=feed"">Read more of this story</a> at Slashdot.</p><iframe src=""http://slashdot.org/slashdot-it.pl?op=discuss&amp;id=6897199&amp;smallembed=1"" style=""height: 300px; width: 100%; border: none;""></iframe><img width='1' height='1' src='http://slashdot.feedsportal.com/c/35028/f/647410/s/43036950/sc/30/mf.gif' border='0'/><br clear='all'/><br/><br/><a href=""http://da.feedsportal.com/r/219132650360/u/49/f/647410/c/35028/s/43036950/sc/30/rc/1/rc.htm"" rel=""nofollow""><img src=""http://da.feedsportal.com/r/219132650360/u/49/f/647410/c/35028/s/43036950/sc/30/rc/1/rc.img"" border=""0""/></a><br/><a href=""http://da.feedsportal.com/r/219132650360/u/49/f/647410/c/35028/s/43036950/sc/30/rc/2/rc.htm"" rel=""nofollow""><img src=""http://da.feedsportal.com/r/219132650360/u/49/f/647410/c/35028/s/43036950/sc/30/rc/2/rc.img"" border=""0""/></a><br/><a href=""http://da.feedsportal.com/r/219132650360/u/49/f/647410/c/35028/s/43036950/sc/30/rc/3/rc.htm"" rel=""nofollow""><img src=""http://da.feedsportal.com/r/219132650360/u/49/f/647410/c/35028/s/43036950/sc/30/rc/3/rc.img"" border=""0""/></a><br/><br/><a href=""http://da.feedsportal.com/r/219132650360/u/49/f/647410/c/35028/s/43036950/sc/30/a2.htm""><img src=""http://da.feedsportal.com/r/219132650360/u/49/f/647410/c/35028/s/43036950/sc/30/a2.img"" border=""0""/></a><img width=""1"" height=""1"" src=""http://pi.feedsportal.com/r/219132650360/u/49/f/647410/c/35028/s/43036950/sc/30/a2t.img"" border=""0""/><img src=""//feeds.feedburner.com/~r/Slashdot/slashdot/~4/jtTu9xc5Sjo"" height=""1"" width=""1"" alt=""""/>"
Site Launches To Track Warrant Canaries,http://rss.slashdot.org/~r/Slashdot/slashdot/~3/XCbd2bdA15o/story01.htm,"Trailrunner7 writes: In the years since Edward Snowden began putting much of the NSA's business in the street, including its reliance on the secret FISA court and National security Letters, warrant canaries have emerged as a key method for ISPs, telecoms, and other technology providers to let the public know whether they have received any secret orders. But keeping track of the various canaries scattered around the Web is difficult, so a group of legal and civil liberties organizations have come together to launch a new site to monitor the known warrant canaries. The Canary Watch site is the work of the EFF, the Berkman Center for Internet and Society, and NYU's Technology Law and Policy Center and it works on a simple concept. The site maintains a list of all of the known warrant canaries and periodically checks each organization's site to see whether the canary is still there and then lists any changes to the status. Right now, Canary Watch lists 11 organizations, including Lookout, Pinterest, Reddit, and Tumblr. ""Canarywatch lists the warrant canaries we know about, tracks changes or disappearances of those canaries, and allows users to submit canaries not listed on the site. For people with interest in a particular canary, the site will show any changes we know about,"" Nadia Kayyali of the EFF said in a blog post.<p><div class=""share_submission"" style=""position:relative;""> <a class=""slashpop"" href=""http://twitter.com/home?status=Site+Launches+To+Track+Warrant+Canaries%3A+http%3A%2F%2Fbit.ly%2F18LAmI3""><img src=""http://a.fsdn.com/sd/twitter_icon_large.png""></a> <a class=""slashpop"" href=""http://www.facebook.com/sharer.php?u=http%3A%2F%2Fyro.slashdot.org%2Fstory%2F15%2F02%2F04%2F0013206%2Fsite-launches-to-track-warrant-canaries%3Futm_source%3Dslashdot%26utm_medium%3Dfacebook""><img src=""http://a.fsdn.com/sd/facebook_icon_large.png""></a> <a class=""nobg"" href=""http://plus.google.com/share?url=http://yro.slashdot.org/story/15/02/04/0013206/site-launches-to-track-warrant-canaries?utm_source=slashdot&amp;utm_medium=googleplus"" onclick=""javascript:window.open(this.href,'', 'menubar=no,toolbar=no,resizable=yes,scrollbars=yes,height=600,width=600');return false;""><img src=""http://www.gstatic.com/images/icons/gplus-16.png"" alt=""Share on Google+""/></a> </div></p><p><a href=""http://yro.slashdot.org/story/15/02/04/0013206/site-launches-to-track-warrant-canaries?utm_source=rss1.0moreanon&amp;utm_medium=feed"">Read more of this story</a> at Slashdot.</p><iframe src=""http://slashdot.org/slashdot-it.pl?op=discuss&amp;id=6897293&amp;smallembed=1"" style=""height: 300px; width: 100%; border: none;""></iframe><img width='1' height='1' src='http://slashdot.feedsportal.com/c/35028/f/647410/s/43035f69/sc/4/mf.gif' border='0'/><br clear='all'/><br/><br/><a href=""http://da.feedsportal.com/r/218611391971/u/49/f/647410/c/35028/s/43035f69/sc/4/rc/1/rc.htm"" rel=""nofollow""><img src=""http://da.feedsportal.com/r/218611391971/u/49/f/647410/c/35028/s/43035f69/sc/4/rc/1/rc.img"" border=""0""/></a><br/><a href=""http://da.feedsportal.com/r/218611391971/u/49/f/647410/c/35028/s/43035f69/sc/4/rc/2/rc.htm"" rel=""nofollow""><img src=""http://da.feedsportal.com/r/218611391971/u/49/f/647410/c/35028/s/43035f69/sc/4/rc/2/rc.img"" border=""0""/></a><br/><a href=""http://da.feedsportal.com/r/218611391971/u/49/f/647410/c/35028/s/43035f69/sc/4/rc/3/rc.htm"" rel=""nofollow""><img src=""http://da.feedsportal.com/r/218611391971/u/49/f/647410/c/35028/s/43035f69/sc/4/rc/3/rc.img"" border=""0""/></a><br/><br/><a href=""http://da.feedsportal.com/r/218611391971/u/49/f/647410/c/35028/s/43035f69/sc/4/a2.htm""><img src=""http://da.feedsportal.com/r/218611391971/u/49/f/647410/c/35028/s/43035f69/sc/4/a2.img"" border=""0""/></a><img width=""1"" height=""1"" src=""http://pi.feedsportal.com/r/218611391971/u/49/f/647410/c/35028/s/43035f69/sc/4/a2t.img"" border=""0""/><img src=""//feeds.feedburner.com/~r/Slashdot/slashdot/~4/XCbd2bdA15o"" height=""1"" width=""1"" alt=""""/>"
Staples To Buy Office Depot For $6.3 Billion,http://rss.slashdot.org/~r/Slashdot/slashdot/~3/_8VPFKl5WDU/story01.htm,"An anonymous reader writes: Today Staples announced plans to buy Office Depot in a deal worth $6.3 billion. This is a huge consolidation within the office supply industry. Office Depot and OfficeMax were the second- and third-biggest suppliers when they merged in 2013. Adding those to the enormity of Staples would effectively bring the U.S. under a single office supply chain. ""The move is expected to draw scrutiny from the Federal Trade Commission, though regulators have been increasingly willing to approve retail mergers in light of burgeoning e-commerce competition. ... This isn't the first time Staples has tried to buy Office Depot. In 1997, the FTC derailed Staples' acquisition of its rival as anticompetitive. By 2013, though, the agency's view had shifted. When the FTC allowed Office Depot to buy OfficeMax, it said the advent of online retailing ensured competition in the market for office supplies. Consumers today also rely more heavily on big-box chains such as Wal-Mart Stores Inc. for office products, the commission said.""<p><div class=""share_submission"" style=""position:relative;""> <a class=""slashpop"" href=""http://twitter.com/home?status=Staples+To+Buy+Office+Depot+For+%246.3+Billion%3A+http%3A%2F%2Fbit.ly%2F1De5Lyp""><img src=""http://a.fsdn.com/sd/twitter_icon_large.png""></a> <a class=""slashpop"" href=""http://www.facebook.com/sharer.php?u=http%3A%2F%2Fnews.slashdot.org%2Fstory%2F15%2F02%2F04%2F1551254%2Fstaples-to-buy-office-depot-for-63-billion%3Futm_source%3Dslashdot%26utm_medium%3Dfacebook""><img src=""http://a.fsdn.com/sd/facebook_icon_large.png""></a> <a class=""nobg"" href=""http://plus.google.com/share?url=http://news.slashdot.org/story/15/02/04/1551254/staples-to-buy-office-depot-for-63-billion?utm_source=slashdot&amp;utm_medium=googleplus"" onclick=""javascript:window.open(this.href,'', 'menubar=no,toolbar=no,resizable=yes,scrollbars=yes,height=600,width=600');return false;""><img src=""http://www.gstatic.com/images/icons/gplus-16.png"" alt=""Share on Google+""/></a> </div></p><p><a href=""http://news.slashdot.org/story/15/02/04/1551254/staples-to-buy-office-depot-for-63-billion?utm_source=rss1.0moreanon&amp;utm_medium=feed"">Read more of this story</a> at Slashdot.</p><iframe src=""http://slashdot.org/slashdot-it.pl?op=discuss&amp;id=6903103&amp;smallembed=1"" style=""height: 300px; width: 100%; border: none;""></iframe><img width='1' height='1' src='http://slashdot.feedsportal.com/c/35028/f/647410/s/430a6899/sc/1/mf.gif' border='0'/><br clear='all'/><br/><br/><a href=""http://da.feedsportal.com/r/218611423844/u/49/f/647410/c/35028/s/430a6899/sc/1/rc/1/rc.htm"" rel=""nofollow""><img src=""http://da.feedsportal.com/r/218611423844/u/49/f/647410/c/35028/s/430a6899/sc/1/rc/1/rc.img"" border=""0""/></a><br/><a href=""http://da.feedsportal.com/r/218611423844/u/49/f/647410/c/35028/s/430a6899/sc/1/rc/2/rc.htm"" rel=""nofollow""><img src=""http://da.feedsportal.com/r/218611423844/u/49/f/647410/c/35028/s/430a6899/sc/1/rc/2/rc.img"" border=""0""/></a><br/><a href=""http://da.feedsportal.com/r/218611423844/u/49/f/647410/c/35028/s/430a6899/sc/1/rc/3/rc.htm"" rel=""nofollow""><img src=""http://da.feedsportal.com/r/218611423844/u/49/f/647410/c/35028/s/430a6899/sc/1/rc/3/rc.img"" border=""0""/></a><br/><br/><a href=""http://da.feedsportal.com/r/218611423844/u/49/f/647410/c/35028/s/430a6899/sc/1/a2.htm""><img src=""http://da.feedsportal.com/r/218611423844/u/49/f/647410/c/35028/s/430a6899/sc/1/a2.img"" border=""0""/></a><img width=""1"" height=""1"" src=""http://pi.feedsportal.com/r/218611423844/u/49/f/647410/c/35028/s/430a6899/sc/1/a2t.img"" border=""0""/><img src=""//feeds.feedburner.com/~r/Slashdot/slashdot/~4/_8VPFKl5WDU"" height=""1"" width=""1"" alt=""""/>"
Testosterone Increasingly Being Used To Fight Aging In Men,http://rss.slashdot.org/~r/Slashdot/slashdot/~3/8K4zoh2n1dk/story01.htm,"An anonymous reader writes: In this time of advanced technology, our battle against aging isn't going well. Lifespan has been improved quite a bit through halting numerous diseases and improving nutrition, but medical science is struggling to slow the gradual wear and tear that builds up as we get older. Cutting edge treatment theories are all hellishly complex, so many men are turning to a solution that's been with us for 80 years: testosterone. Clinics are popping up around the U.S. that prescribe no actual medicine, but instead hand out testosterone and supplements. ""In 2013, 14,000 kilograms of testosterone were sold in the United States. That might not sound like much, but a typical adult male has just 0.000000035 kilograms of testosterone floating around in his bloodstream. There is a lot of extra T in the hormonal composition of the country&mdash;and it only accounts for the legal sales."" John Hoberman, professor and author, calls this new medical model ""client-centered libertarian medicine."" He says, ""Once upon a time, respectable society feared contamination by illegal and disreputable drugs that were consumed by social deviants. Now regulators are concerned about a growing demand for legal drugs that serve socially sanctioned goals such as productivity, physical attractiveness, and sexual viability. The 'threat' posed by such drugs originates in the very system of values that sanctions their use, and it is a paradox that has put regulators in an untenable position.""<p><div class=""share_submission"" style=""position:relative;""> <a class=""slashpop"" href=""http://twitter.com/home?status=Testosterone+Increasingly+Being+Used+To+Fight+Aging+In+Men%3A+http%3A%2F%2Fbit.ly%2F1LLZZaV""><img src=""http://a.fsdn.com/sd/twitter_icon_large.png""></a> <a class=""slashpop"" href=""http://www.facebook.com/sharer.php?u=http%3A%2F%2Fscience.slashdot.org%2Fstory%2F15%2F02%2F04%2F1521256%2Ftestosterone-increasingly-being-used-to-fight-aging-in-men%3Futm_source%3Dslashdot%26utm_medium%3Dfacebook""><img src=""http://a.fsdn.com/sd/facebook_icon_large.png""></a> <a class=""nobg"" href=""http://plus.google.com/share?url=http://science.slashdot.org/story/15/02/04/1521256/testosterone-increasingly-being-used-to-fight-aging-in-men?utm_source=slashdot&amp;utm_medium=googleplus"" onclick=""javascript:window.open(this.href,'', 'menubar=no,toolbar=no,resizable=yes,scrollbars=yes,height=600,width=600');return false;""><img src=""http://www.gstatic.com/images/icons/gplus-16.png"" alt=""Share on Google+""/></a> </div></p><p><a href=""http://science.slashdot.org/story/15/02/04/1521256/testosterone-increasingly-being-used-to-fight-aging-in-men?utm_source=rss1.0moreanon&amp;utm_medium=feed"">Read more of this story</a> at Slashdot.</p><iframe src=""http://slashdot.org/slashdot-it.pl?op=discuss&amp;id=6903025&amp;smallembed=1"" style=""height: 300px; width: 100%; border: none;""></iframe><img width='1' height='1' src='http://slashdot.feedsportal.com/c/35028/f/647410/s/430a5af7/sc/1/mf.gif' border='0'/><br clear='all'/><br/><br/><a href=""http://da.feedsportal.com/r/218611422115/u/49/f/647410/c/35028/s/430a5af7/sc/1/rc/1/rc.htm"" rel=""nofollow""><img src=""http://da.feedsportal.com/r/218611422115/u/49/f/647410/c/35028/s/430a5af7/sc/1/rc/1/rc.img"" border=""0""/></a><br/><a href=""http://da.feedsportal.com/r/218611422115/u/49/f/647410/c/35028/s/430a5af7/sc/1/rc/2/rc.htm"" rel=""nofollow""><img src=""http://da.feedsportal.com/r/218611422115/u/49/f/647410/c/35028/s/430a5af7/sc/1/rc/2/rc.img"" border=""0""/></a><br/><a href=""http://da.feedsportal.com/r/218611422115/u/49/f/647410/c/35028/s/430a5af7/sc/1/rc/3/rc.htm"" rel=""nofollow""><img src=""http://da.feedsportal.com/r/218611422115/u/49/f/647410/c/35028/s/430a5af7/sc/1/rc/3/rc.img"" border=""0""/></a><br/><br/><a href=""http://da.feedsportal.com/r/218611422115/u/49/f/647410/c/35028/s/430a5af7/sc/1/a2.htm""><img src=""http://da.feedsportal.com/r/218611422115/u/49/f/647410/c/35028/s/430a5af7/sc/1/a2.img"" border=""0""/></a><img width=""1"" height=""1"" src=""http://pi.feedsportal.com/r/218611422115/u/49/f/647410/c/35028/s/430a5af7/sc/1/a2t.img"" border=""0""/><img src=""//feeds.feedburner.com/~r/Slashdot/slashdot/~4/8K4zoh2n1dk"" height=""1"" width=""1"" alt=""""/>"
Too Much Exercise May Not Be Better Than a Sedentary Lifestyle,http://rss.slashdot.org/~r/Slashdot/slashdot/~3/IUwTjTuu_J0/story01.htm,"jones_supa writes: The importance of exercise has been arriving in spades for geek culture. However, when approaching extremes, a point is reached where vigorous jogging erodes some of the benefits light jogging has over a sedentary lifestyle. ""Long-term excessive exercise may be associated with coronary artery calcification, diastolic dysfunction and large artery wall stiffening,"" wrote lead author Peter Schnohr of Copenhagen's Frederiksberg Hospital in a Danish study (abstract). Although previous research has found that physically active people have at least a 30% lower risk of death compared with inactive people, the ideal amount of exercise remains somewhat uncertain. In this study, strenuous joggers &mdash; people who ran faster than 11 km/h for more than 4 hours a week; or who ran faster than 11 km/h for more than 2.5 hours a week with a frequency of more than three times a week &mdash; had a mortality rate that is not statistically different from that of the sedentary group. Medical journalist Larry Husten notes that this study, while interesting, should not be taken as the final word on the subject.<p><div class=""share_submission"" style=""position:relative;""> <a class=""slashpop"" href=""http://twitter.com/home?status=Too+Much+Exercise+May+Not+Be+Better+Than+a+Sedentary+Lifestyle%3A+http%3A%2F%2Fbit.ly%2F1KcMb7o""><img src=""http://a.fsdn.com/sd/twitter_icon_large.png""></a> <a class=""slashpop"" href=""http://www.facebook.com/sharer.php?u=http%3A%2F%2Fscience.slashdot.org%2Fstory%2F15%2F02%2F04%2F1622214%2Ftoo-much-exercise-may-not-be-better-than-a-sedentary-lifestyle%3Futm_source%3Dslashdot%26utm_medium%3Dfacebook""><img src=""http://a.fsdn.com/sd/facebook_icon_large.png""></a> <a class=""nobg"" href=""http://plus.google.com/share?url=http://science.slashdot.org/story/15/02/04/1622214/too-much-exercise-may-not-be-better-than-a-sedentary-lifestyle?utm_source=slashdot&amp;utm_medium=googleplus"" onclick=""javascript:window.open(this.href,'', 'menubar=no,toolbar=no,resizable=yes,scrollbars=yes,height=600,width=600');return false;""><img src=""http://www.gstatic.com/images/icons/gplus-16.png"" alt=""Share on Google+""/></a> </div></p><p><a href=""http://science.slashdot.org/story/15/02/04/1622214/too-much-exercise-may-not-be-better-than-a-sedentary-lifestyle?utm_source=rss1.0moreanon&amp;utm_medium=feed"">Read more of this story</a> at Slashdot.</p><iframe src=""http://slashdot.org/slashdot-it.pl?op=discuss&amp;id=6903223&amp;smallembed=1"" style=""height: 300px; width: 100%; border: none;""></iframe><img width='1' height='1' src='http://slashdot.feedsportal.com/c/35028/f/647410/s/430b010b/sc/14/mf.gif' border='0'/><br clear='all'/><br/><br/><a href=""http://da.feedsportal.com/r/218611425413/u/49/f/647410/c/35028/s/430b010b/sc/14/rc/1/rc.htm"" rel=""nofollow""><img src=""http://da.feedsportal.com/r/218611425413/u/49/f/647410/c/35028/s/430b010b/sc/14/rc/1/rc.img"" border=""0""/></a><br/><a href=""http://da.feedsportal.com/r/218611425413/u/49/f/647410/c/35028/s/430b010b/sc/14/rc/2/rc.htm"" rel=""nofollow""><img src=""http://da.feedsportal.com/r/218611425413/u/49/f/647410/c/35028/s/430b010b/sc/14/rc/2/rc.img"" border=""0""/></a><br/><a href=""http://da.feedsportal.com/r/218611425413/u/49/f/647410/c/35028/s/430b010b/sc/14/rc/3/rc.htm"" rel=""nofollow""><img src=""http://da.feedsportal.com/r/218611425413/u/49/f/647410/c/35028/s/430b010b/sc/14/rc/3/rc.img"" border=""0""/></a><br/><br/><a href=""http://da.feedsportal.com/r/218611425413/u/49/f/647410/c/35028/s/430b010b/sc/14/a2.htm""><img src=""http://da.feedsportal.com/r/218611425413/u/49/f/647410/c/35028/s/430b010b/sc/14/a2.img"" border=""0""/></a><img width=""1"" height=""1"" src=""http://pi.feedsportal.com/r/218611425413/u/49/f/647410/c/35028/s/430b010b/sc/14/a2t.img"" border=""0""/><img src=""//feeds.feedburner.com/~r/Slashdot/slashdot/~4/IUwTjTuu_J0"" height=""1"" width=""1"" alt=""""/>"
Tropical Wasp Guards Nest Using Facial Recognition (Discovery),http://news.feedzilla.com/en_us/stories/science/420284424?client_source=api&format=json,"A species of tropical wasp can memorize the faces of its colony mates and will
attack bees it does not recognize.

"
Watch Live Today: The Future of Cosmology [Video] (Scientific American),http://news.feedzilla.com/en_us/stories/science/420375665?client_source=api&format=json,"Cosmologist Kendrick Smith will present a free live Webcast on the quest to
understand the origin of the universe


-- Read more on ScientificAmerican.com

"
What to Read in March (Discover Magazine),http://news.feedzilla.com/en_us/stories/science/420280685?client_source=api&format=json,"Stories full of heart, rust and essential nutrients -- all in these new
releases.

"
Why Cambodians Never Get ‘Depressed’ (bioethicscom),http://news.feedzilla.com/en_us/stories/science/420402096?client_source=api&format=json,"(NPR) - But just as words for depression and anxiety get lost in translation,
so can treatments. Simply setting up mental health clinics identical to the
ones we have here in the U.S. isn't necessarily going to help anyone, says …
Read More

"
essential pentosuria (US NLM),http://news.feedzilla.com/en_us/stories/science/420195686?client_source=api&format=json,"Essential pentosuria and its relationship with gene DCXR have been added to
Genetics Home Reference. Web links to MedlinePlus, patient support web sites,
Genetic Testing Registry, ClinicalTrials.gov, PubMed, and OMIM are included.

"
